ALB,0.002304394619562691
MVY,0.0006129340590556912
BED,0.002818673525364371
BLM,0.00031593102293296757
NAD,0.00018170176856557448
SYR,0.0015284404055098278
IAD,0.008404029571902462
EWB,0.0003540177134291386
PSF,0.00020121766346373838
HPN,0.005561206290304694
PWM,0.0014244533938067203
TEB,0.007718284061173007
JFK,0.011424313186640448
MEM,0.0030142668226951367
MHT,0.0017964438098414942
BAF,0.00020041438735833524
MVL,0.00043501381678856066
SIG,0.000578790662059837
VQS,0.0005517763188586791
SJU,0.004264040135919706
SKB,0.0006943236554339749
STX,0.0007847529754584916
STT,0.0011091028135977992
YYZ,0.004323986706277274
LAX,0.012631432651231483
TRM,0.0006140704043898442
SAN,0.004733481630682718
CLD,0.0003440590386799015
AUS,0.004191646091814985
HOU,0.004257494278738056
SFB,0.003544756602223281
SJC,0.0053364919397828675
PHX,0.007159233547138765
LIM,0.0005169715127979287
MIA,0.011340892909286228
ROP,0.0004254917231417643
SPN,0.000977743031821973
GHC,0.0003595061202856621
APF,0.0007871402792505626
MPB,0.0006419625207297411
BIM,0.00028725110339225817
SAQ,0.00035190234431454407
FLL,0.010310267743126543
GAL,0.0018437880288945411
MTX,0.0013117402416211446
GKN,0.002037090382292558
ACK,0.0005643450768433453
LGA,0.004556526365549392
ANI,0.0017830715743244368
KGX,0.0006603746206893462
ANV,0.0004185415945803452
KLG,0.0007907705505854634
RSH,0.0007099251710203932
ABL,0.0007596812593671263
ORV,0.00112239339247338
RDB,0.001130345269050636
AUK,0.0010382019014379097
KSM,0.0012697135779694948
UNK,0.0019441774823286968
DRG,0.0005690353473206055
ELI,0.0006935994841752146
WMO,0.000770379167479633
IAN,0.0009709423729367044
SHG,0.0009441572988854167
KOT,0.000888718850011389
OME,0.0017729534357474547
WLK,0.0009227543285702241
OTZ,0.002182168212198755
SKK,0.0009240092593577073
SHH,0.0009327319737341296
ANC,0.0061653354891575305
SHX,0.0006739011654531482
GLV,0.0008224986460163303
KTS,0.0005143439040215722
WAA,0.0004018687285803125
SVA,0.000507769894736486
WBB,0.0005267076642858683
SMK,0.000857859667074529
HYA,0.00022859591195338849
TPA,0.005009138631635633
PNS,0.0015035986120750383
SIT,0.001958065734028816
HNS,0.0006454827215861215
PTD,0.000245052170079004
EDA,0.001368458961938102
NKI,0.0007106554562553971
KPB,0.0004345378768336023
WFB,0.005926961779994282
KTB,0.0007783390721032492
HYG,0.0004345378768336023
WHD,0.0004345378768336023
WWP,0.0004345378768336023
YQQ,0.00012598810812678083
BFI,0.0016024633446266334
HNL,0.00506814893438677
MTH,0.00019671900863243126
TN8,0.001081799258046827
OPF,0.0021094934805046877
PBI,0.003414092885072943
BDL,0.002752296217364057
RSW,0.003130974162009486
PHL,0.007140903193116711
ORD,0.012270458805609329
BTV,0.001388321339327544
BHM,0.002333557992943654
ATL,0.011748026844558347
BOS,0.007929048308632792
MSP,0.00818841139822177
ACT,0.0005811550934921448
IAH,0.009358230397389228
MCI,0.003879434269917522
EMK,0.0011035851391686744
FAI,0.006075501037865378
RMP,0.0004274886276261949
TAL,0.00041626473122221566
FYU,0.0013428974538556848
KBC,0.00046624193357763577
HSL,0.0007642007284034634
KAL,0.0006928115597414655
KYU,0.0006808645731178726
NUL,0.0006808645731178725
KTN,0.0010492175731597882
PSG,0.0006358800911114499
AGN,0.0005183477809397697
TKE,0.0003832614863168378
BET,0.004774102332856974
AKI,0.0008534882285598761
CHU,0.000530834154866546
KKI,0.0008327748868291835
SLQ,0.0006543790304205563
KUK,0.0007257385996786018
PQS,0.001034468365479788
KWT,0.0010137351404232633
OOK,0.0006830870308887814
NME,0.0005742192972429547
PKA,0.0009914053545134402
PTU,0.0005783398477189291
KWN,0.0013087447714336372
ENA,0.0005672477609644597
HOM,0.0009666993141829049
PGM,0.0005628948126337287
SOV,0.0005628948126337286
KEB,0.0005628948126337286
A43,0.0028738449322313303
KKB,0.00037822888678250895
KWP,0.00037822888678250895
KZB,0.00037822888678250895
KLN,0.0009539432046526049
KYK,0.0007657892923843559
OLH,0.0006375064285799813
ADQ,0.0028299019096594976
KXA,0.0004345378768336023
CEM,0.00023368894094975856
IRC,0.00023368894094975856
VEE,0.0005580297211141162
CIK,0.0004952382648333593
AKN,0.001654528461472761
KCQ,0.0006205320995417526
KMO,0.0009443178041846333
WTL,0.001133149558730372
IGG,0.0006660302992946839
KLL,0.0006486488386262962
KCG,0.0005007805805012493
KCL,0.000309764213149932
PTH,0.0005910554634931546
KKH,0.0007159248402833801
KWK,0.0010951516419473804
KNW,0.0010835936070043275
DLG,0.003457014542934637
TNK,0.0006547347216505599
WWT,0.0004973341312781432
NUP,0.0007367616576689651
PIP,0.0006763554451062863
UGS,0.0003000680146822153
KPV,0.0007024792947796298
TKJ,0.0009544936925756864
CKX,0.00028932642352853474
SKW,0.00035612952293989116
MRI,0.0016296982629591958
KEK,0.000579155888439044
KWI,0.00021552773065277277
LAS,0.0078413344514073
HAJ,0.00016589050396376633
HCR,0.0005145750325698869
EEK,0.000770305620476358
CKD,0.0006499033109298811
HPB,0.000703124399074197
GNU,0.0006508194282094314
VAK,0.0006805258313509813
KPN,0.0010529453217412213
CYF,0.0006479090539144089
MLL,0.0008906400047052885
MOU,0.0010382019014379097
SCM,0.0009117960861231873
NUI,0.0006695739745417201
BRW,0.0012291629730234912
PIZ,0.0007072436699333482
PHO,0.0009873013466070604
TLT,0.0006942704829085768
RSN,0.00016168856381405645
YLW,0.0005332395027362745
YIP,0.0006431129104347119
APA,0.00029202033519782814
BUR,0.003056470320004051
HHR,0.00264765470176565
ONT,0.0026119543797491133
LGB,0.0013889648302613303
VNY,0.0040544975228102844
TKF,0.0003081413004482735
SBA,0.0014770941202748664
AZ3,0.00021246977315333784
SFO,0.007726450823347694
BOI,0.0024487432581143088
YAK,0.00047954823603462446
CDV,0.0005608913606172033
ELM,0.0004246576898720265
CMH,0.003861582360104751
PQI,0.00024077919158524002
JAX,0.0029152475259194718
RIC,0.0018035058630454864
BUF,0.002697792281156439
SCE,0.0006360611842309049
CLE,0.003809313093693783
MCO,0.008310379452122789
DEN,0.011223297457272482
MYK,0.0004718711912441204
BGR,0.000731522334113515
BNA,0.005370679108741478
CAK,0.0006104072142719768
DCA,0.004430369209065241
CVG,0.002870373165845109
TUL,0.00238710688269915
EWR,0.009673507557547428
GRR,0.002226508495653868
LEX,0.0015193572601514343
CID,0.0013722266802151269
LIT,0.001906948458846131
PVD,0.0022820942147828527
GSP,0.002058845293010937
SAV,0.001614931507412642
SDF,0.0024694643547102657
VPS,0.0007550651260782744
DFW,0.01209531719975907
MSN,0.0016860614901827488
ATW,0.000588889316530794
PDX,0.004702759583783946
RDM,0.0005357108363572141
PSC,0.0006487104547368784
GEG,0.001963031863644266
SAT,0.004049948208718589
FNT,0.000513882233622122
EUG,0.0011365095437924993
ILI,0.0019601184190415778
PTA,0.000805620439426966
KNK,0.0010525896954782868
NNL,0.0007754621750431372
ABQ,0.002944906732034883
ECP,0.0014971192164188977
ELP,0.002520435255286983
MKE,0.003677310811685619
OMA,0.0029386143546201336
AMA,0.0014630734567281794
BWI,0.004929796049543936
DSM,0.002060413644065964
ORF,0.002584081051529236
CLT,0.00810777011843371
SMF,0.003218822240551334
RNO,0.0025872853973812377
IND,0.0036779298077113374
LBB,0.001860809663784023
CHS,0.002251377352139619
RDU,0.004374499751494399
CRP,0.0009100579581631147
OAK,0.004623807367834816
PIT,0.00478214249543997
ISP,0.0014103361872866854
DTW,0.007047557374702115
ICT,0.0016296332043183933
MAF,0.001700212246199544
TUS,0.0027390615992346763
SLC,0.006090479504920423
OKC,0.002948565920150138
SNA,0.0028977893851226053
SEA,0.006526473658374841
FRA,0.0011944463782594902
LBG,0.0007117443894274343
BHD,0.00012598810812678083
ZRH,0.0009787171668666783
HRL,0.0013264592706802613
MDW,0.004758345825384402
ROC,0.0017896057468200044
MSY,0.003747693687920701
LCK,0.0005463634294411284
YKA,0.00012598810812678083
NCE,0.0005085923003435739
SGD,0.00023181865350713036
PPG,0.0011983966529553146
APW,0.0003559717157239692
BMA,0.0003075138703143114
BQH,0.00017046131817282493
CIW,0.00030143809795083793
FRG,0.0008383777191256583
VKO,0.0003244032944053716
HEL,0.00030782337528610204
BUD,0.00026554914813558595
LIN,0.0002875937757306391
MRS,0.00022790418617551892
NAS,0.0016566640354039365
STL,0.005103979363322781
FAB,0.0004852286791225218
LTN,0.0008416927023822338
ANU,0.00051294258989904
CHA,0.0008348077177893486
MAD,0.0008619576467390225
CPS,0.000539429757798982
TLC,0.00021515342409214946
BCT,0.001443508319393558
MDT,0.0008975494744667249
PDK,0.001472751520677571
JRA,0.000421606053682629
PSP,0.0018677577853398798
SCF,0.0007424342605784377
DPA,0.00032902186084332477
UT1,0.00022380885798326292
TLH,0.000813522231249966
TMB,0.00045621450660718104
LIH,0.0007666207836035934
EGE,0.0017403333861360135
ORL,0.0004445965623421646
MHH,0.0007514787906957333
YWG,0.0010182838220038656
SJO,0.0007843305480708154
SXM,0.0008940882483493483
YVR,0.001813304686645425
OGG,0.001976187319083068
SRQ,0.0014463669271845994
YYC,0.001332712125954227
PVR,0.0012828596127425955
LIR,0.0008082232295608939
MEX,0.0013847148997019189
MBJ,0.0011166407027826991
SAL,0.0006787843430094672
ILM,0.0006323626363221597
CPX,0.0004774128813515292
MRY,0.000980242742024559
SAC,0.0005097743496037739
KOA,0.0014732013713322292
AUA,0.0008635003791520497
CUN,0.0018851069848001586
FSD,0.0008010629287321275
MFE,0.0005247705533289178
PTY,0.0008980010286556254
GUM,0.002795511702136752
EIS,0.0003511668813155757
JRV,0.00032130724692348747
ASE,0.0013206001458807269
BFL,0.0002962057878129524
CLM,0.0001724907613796244
MSO,0.0005860170243948082
AUG,0.0001686334524201751
CDW,0.00025133853256114946
B21,0.0006515751710588463
DXR,0.0007344672481749656
BVY,0.0002816672422329901
GAI,0.00029428868394859554
HGR,0.0003152413131356338
SHD,0.0002592311710785353
LRM,0.0002118505833699027
MMU,0.000627345323820441
NPT,0.00017626981785832046
OXC,0.00026506026784775863
SBH,0.00035653491381518757
BFM,0.00030572553510339553
POP,0.00044689458075130727
ASD,0.00025961146131959193
BS3,0.0006524832464096203
GAM,0.0004478421110930236
KKA,0.0007969700222463231
OBU,0.0007801188219592118
PEC,0.00035525865471038064
KAE,0.0006476083046829713
PPV,0.0004345378768336023
DOF,0.0004345378768336023
WRG,0.0005397152104085371
RCE,0.00016102004128089152
YYJ,0.0005043589692573879
MQY,0.0011488967791199022
HBG,0.00017737539297401272
SWF,0.0006988931446404457
UGN,0.00040679418712375647
DAB,0.0005788523475463909
HGH,0.00030817904712379077
JNU,0.0025891196822616968
HNH,0.0006778497383176221
HUS,0.0005271948641695365
BTT,0.00034579203740227793
AET,0.0005270994560417644
MLY,0.0002999370866996854
WBQ,0.0004564848549115944
KLW,0.0006450122204838135
ELV,0.00023619459275815745
ATT,0.0007183850981208315
SXP,0.0007536684913608021
DGB,0.00036649224353021493
KOZ,0.0006248943981085578
ORI,0.0008799840425714853
KPR,0.00037822888678250895
SVS,0.00033077326481697263
WSN,0.0003879525558769406
EHM,0.00035740048643661984
SNP,0.0005428677033951393
DUT,0.0013727042750454417
KGK,0.001450589717172715
AZI,0.00016439418362401177
RST,0.0006045474616374595
NUE,0.00012598810812678083
SRV,0.0004512881841087715
BKC,0.0008948622638762262
SCC,0.0010470975286469809
ERI,0.00033048646896156425
HVN,0.00044487107563723525
OCA,0.00017080754939074203
AMS,0.0010459415406997579
YUL,0.002104751631558375
YOW,0.0009944251416421992
FXE,0.0011539113988379968
CCR,0.00019630910596542028
2CA,0.00019630910596542028
OXR,0.0004753402829985251
SMO,0.0003070454560452581
SDM,0.0002129862802320024
BZN,0.001222088187300483
ITH,0.0005421463259321768
FAR,0.0007618364545923189
YYT,0.0002923706687807531
SJD,0.0018929932974484289
MXY,0.0004718711912441204
HSV,0.0006260356079775899
PUB,0.00028673721409240707
LBL,0.00025308527991474146
DAL,0.0036984916032968156
BGI,0.0004356739299877355
SLK,0.0002620419084739579
TRN,0.0002831949012033904
CPH,0.0006089148631564248
AXA,0.0006031144221002842
SNN,0.00034090177915361175
BCN,0.000597926793624236
APC,0.0005850105593529272
BMI,0.00043898457340233534
JAC,0.0011359235915267324
ADS,0.00038866028208177974
TTN,0.0011212591901102148
PWK,0.0004686994666197276
OLM,0.0001806411849675095
GGT,0.00036486686590364516
BGD,0.00022117565959346258
TRI,0.0003269655168169878
KQA,0.0005727358514412113
TLA,0.00033642557345751965
MTM,0.0007591785287613094
YCD,0.00026809716166345803
UST,0.0002100617333966128
YHZ,0.0004047404911952707
RBY,0.0006765161974796926
WNA,0.00042142264967783406
CGA,0.0004345378768336023
TWA,0.00030976392248397084
CZN,0.00028932642352853474
TOG,0.0009872920118370167
AAN,0.00016127916364755608
KEF,0.0008605882019884263
BTI,0.0010919170363944287
RDV,0.0004512881841087715
YXU,0.00023301832935694985
CKV,0.00017080754939074203
GYR,0.00016179231131179287
SNS,0.00032829893754782944
APN,0.0003310723603085251
PDB,0.0002450683220664601
TYS,0.001461638322391439
SUN,0.000697397067628868
MWH,0.0002176733535088783
OXF,0.00016156972013930783
SXF,0.0002688327295037993
BKL,0.00039816824156387336
RIL,0.0005979223583381739
CEZ,0.0002586985562280761
YTM,0.00016439418362401177
PLS,0.0008364350451195015
TVL,0.00019848372058477718
STS,0.0005390261852666953
YQB,0.00048262955643730296
FOK,0.0002200393720677407
OWD,0.000269787481511858
VSF,0.00017626981785832046
LEB,0.00041517059743347094
LYH,0.00031830252788245337
UVF,0.0006588998517853145
TVI,0.0001745771229166025
DSI,0.0002532969240507604
CXY,0.0002694356790405896
FPO,0.000334910735129693
PPC,0.0010361861521320688
GST,0.0005476141306200204
CDB,0.000988878302206807
SDP,0.0005243637139095055
MTY,0.0007654259864844313
SUA,0.00040000488461425666
ARC,0.0006755589372151674
MHM,0.00023368894094975856
EXI,0.00023619459275815745
HYL,0.0008106280570409238
WMK,0.0004345378768336023
ZXM,0.0004345378768336023
CXF,0.0003317348103060349
KFP,0.00021946475257630558
IKO,0.00023220135244290388
TYE,0.000547625112876989
BVU,0.0006733100144842225
CPR,0.0003955066336973328
YKF,0.00016088009059290188
NUQ,0.0005398109053815864
GSO,0.0010988217293555315
RAP,0.0005304569047456544
DQL,0.0004718711912441204
NHT,0.00020436179509337804
ISM,0.0004289228828561817
DUB,0.0008174769624859113
STN,0.0003102501831392289
LPA,0.00012598810812678083
SVD,0.0002203537404800312
TXK,0.0002805013750230273
AZS,0.00015895963742266665
VRB,0.0010674898298089538
ABE,0.0006706122216994973
HTO,0.0001686334524201751
MAZ,0.00016495630513730506
PGO,0.00021074206013193736
MOB,0.00041249118535586734
JAN,0.0006583031814723189
TIQ,0.0004254917231417643
BS1,0.00017046131817282493
CAT,0.00017046131817282493
WTD,0.00017046131817282493
GHB,0.00017046131817282493
LUR,0.00018782066638552272
KVL,0.0009502062591174629
LKE,0.0009050286374403577
MGM,0.0003547830115513754
CZF,0.0002055340788845554
PPT,0.00027497924480365474
SQA,0.00019820392618189259
GJT,0.0006254781564541343
STI,0.00046854776123836557
STR,0.00028365772477638115
VIE,0.0004295336022282569
FDH,0.00012598810812678083
MXP,0.00030782337528610204
SGR,0.0004020417210082836
STP,0.00024327443360471529
CSL,0.00034831411205481574
PUJ,0.0012632372583708492
PVU,0.00042370451848814967
BQN,0.0002998495997899325
TEX,0.00017184279192756466
GND,0.0003419844744720148
BTR,0.00073348456037085
PIE,0.002709987703354458
WTK,0.0011293987497898075
GTF,0.00045513386826235994
SGF,0.0007561594272851958
USA,0.00044377856654395
RLG,0.0001728823863593785
TUP,0.0003291636059876759
TBN,0.0002168083655496579
AVP,0.0006240737057124275
TWF,0.0004263481686060637
SGY,0.00046286849279826526
UGI,0.00037822888678250895
NLG,0.00021946475257630558
EGX,0.0003000680146822153
JHM,0.0003304667584765165
MKK,0.0005776085246248158
ATK,0.0009673871301316427
AIN,0.000693793569322525
BHX,0.00017626981785832046
MPL,0.00017108682945755124
TLS,0.00017345946224743352
USH,0.00012598810812678083
EYW,0.0009350183891045981
SPI,0.00036044802433658947
GCM,0.000897555245033237
ZXU,0.00012598810812678083
TNC,0.0001915040328664983
PKB,0.0003228568757779844
GA9,0.00024383193560974166
DWH,0.0004159230956154868
YXY,0.0002092244566413748
YQU,0.00012598810812678083
CXL,0.00019630910596542028
SQL,0.00035509761542967344
PLN,0.0003031830671190621
GVA,0.0004411711340956754
CGN,0.00017345946224743352
C01,0.00025759977092264675
TSS,0.00021694803639190293
BZE,0.0007048535722856221
SAP,0.0004281366856269434
MTJ,0.0006899796510471567
LCI,0.00012598810812678083
ELH,0.00041647127921540044
FRD,0.000394305849091601
ESD,0.00034410328952642617
HKY,0.00016309579951405653
GRB,0.00045640800029604547
LUK,0.0006377142129037769
GUC,0.0003931737310510501
HNM,0.0003143366413356076
1CA,0.00019630910596542028
SBD,0.00019630910596542028
PAE,0.0005258858518677886
TLV,0.0006669943722079273
AGS,0.0004889106077059313
NEW,0.0003237731448750916
TIJ,0.00012598810812678083
ZLO,0.00028964860915753744
NSB,0.0002386620886024365
AKP,0.000993642337384618
AKB,0.00023220135244290388
STG,0.00034765072094538685
CLP,0.0005031392297523258
OGD,0.00028036442402071737
PEK,0.000805673895140389
SMN,0.0001625006325519686
MMH,0.0003296226516314577
SEE,0.00028124330143135734
VCV,0.00036527700243853885
WJF,0.00017108682945755124
TIW,0.0001655624035404316
NEV,0.00016495630513730506
JXN,0.0001722127140529756
HKB,0.0003970272563515125
GUA,0.0007164141450242246
MFR,0.0005781174575056007
DVL,0.00034533672285777485
MEI,0.00028329917978842404
PIB,0.0004188108260623788
BIL,0.0013936764414720032
RIW,0.00029885248817132016
SHR,0.00029885248817132016
DUS,0.00033689480134596324
CDG,0.0011685361442780094
SVC,0.00019634454999962965
KVC,0.0005279945593467019
LUP,0.0003311429533537629
TCB,0.00035754189843684614
PIA,0.0007525253913167295
DOM,0.00016495630513730506
GFK,0.00032776261666682784
CWA,0.00035598262314791377
MNT,0.00023368894094975856
TGU,0.00025427519396379185
ALO,0.00016837316017144868
HTS,0.0003465414902583048
BWG,0.00022032014205271457
FWA,0.0007351679594570131
GIG,0.000341292562105599
SBN,0.0012893796369558093
COS,0.0008285722844879539
TBU,0.00029443944091234886
FAY,0.000318834213311316
DAY,0.0011945852421241623
BFD,0.0001953485706191489
INT,0.0003377394692671845
TEK,0.00035612952293989116
AND,0.00023989579031277028
BMG,0.0004703303547857456
ROA,0.000584141737260939
IFP,0.005540456540340515
AKK,0.0006375064285799813
GNV,0.0005721325208635665
MLU,0.0003190667640765612
EVV,0.0005138628834350128
TZN,0.00021513825127354784
CKB,0.0006832390186019165
FCA,0.0005860324148344052
SBP,0.00040868170929145276
7AK,0.00047617104179012296
OFU,0.00029443944091234886
RTB,0.0002980112998040067
NGO,0.0004119789509076301
LRD,0.00025082907549647744
FDF,0.0003037951475365995
GTR,0.0005210759382154562
MLB,0.0004332857203313906
LAF,0.0005132029804333129
LAN,0.0008490693145980422
CLL,0.0008045285490864373
CAE,0.0010002281796420175
AZO,0.00028277673712391723
GPT,0.003101135609744754
XNA,0.0012190716655732844
MHK,0.000397374364659407
CRW,0.0005158842361537409
CCZ,0.00025961146131959193
CMI,0.00032591804470473267
JMS,0.0003185945266862537
HYS,0.0002989196365798348
SLN,0.0002989196365798348
BRO,0.00034872947087361613
AHN,0.00021490431626295915
LNK,0.0007225675798672596
CHO,0.0006803694446968866
COU,0.0004717989906079666
MUC,0.0007111246731642948
CXH,0.0002802503850002978
PBM,0.00017345946224743352
FOE,0.00047378008374137113
TCL,0.0003284073430136372
SWO,0.00033087801985170703
FTW,0.0002040746217520905
YEG,0.0009942547007313154
MOT,0.0004166510692965545
YTZ,0.00042082271150018305
PTK,0.0012307643573178139
CGI,0.00029281760598132324
PAH,0.0002928176059813233
PGA,0.0005927440488595248
QRO,0.00032252840917220186
AOO,0.00019824256969631216
SLP,0.00021092667965949194
GBH,0.0020089808136391388
BLD,0.0004516443261735332
SPS,0.00021291618942051506
LNY,0.0003217068579898718
MID,0.00034112796816368615
MCW,0.00036866827124511475
FOD,0.0002828515426885913
MCN,0.0003811973865015766
MYR,0.0009695821776698157
EAA,0.00023368894094975856
CDR,0.00029885248817132016
AIA,0.00029885248817132016
KWA,0.0002907500849993747
FAT,0.0007776492537137828
BLA,0.00017345946224743352
OTP,0.00012598810812678083
BJX,0.0005219069653621012
CMW,0.00021793267229347762
MYU,0.0004433140017006238
LNS,0.00019824256969631216
CUR,0.00030024079167656936
MNL,0.00042510322509722593
PTP,0.0003037951475365995
KSA,0.0002907500849993747
BRL,0.00028614403023645906
MCE,0.00020887268252637128
AVL,0.0008158502891995435
DQK,0.00016106264398470927
LFT,0.0005145103271813395
HAV,0.0005375648576034717
FNL,0.00020827264807710035
NRT,0.0013178605698993453
VCP,0.00021058440808203435
PHF,0.0003499462465659497
KEH,0.0002802503850002978
ECG,0.00025576594853867764
MNZ,0.0003444823083216297
SJT,0.00021291618942051506
MCG,0.00031692528946435246
LWB,0.00020894946134699565
BLI,0.0007715685972742104
HRO,0.00020530582597952265
AEX,0.0004985870304428374
OAJ,0.0002028430810537868
ZIH,0.00041656207519172545
TOL,0.0004772277692485392
LHR,0.0012291233480975087
MBS,0.0003931699488457245
BEL,0.00021793267229347762
ORH,0.0003396208676520778
ABI,0.00024388612059871538
MSL,0.00023706078665195187
AKL,0.00035856676254081884
FKL,0.00016361932117955191
JLN,0.00021291618942051506
GRK,0.0004334986318484369
RFD,0.00043420271128111817
ABR,0.00020827264807710035
VSA,0.00016719057381927712
SCU,0.00017345946224743352
CYB,0.00017345946224743352
HUX,0.000246898697243894
JST,0.00019824256969631216
LBE,0.00035460710852351597
IWD,0.00020746572466824882
MZT,0.00033338471499775224
DBQ,0.0002486818098528374
PIK,0.0001728823863593785
DUJ,0.00019824256969631216
MCK,0.00017184279192756466
CTG,0.0003445633064591468
PVG,0.0008046113845142344
TKK,0.0002907500849993747
LOS,0.0002536981180757368
HDN,0.0008702978780504127
MLI,0.0006796440665962222
GDL,0.0012269440610168693
CAY,0.00017345946224743352
IDA,0.0003822741751248448
GRI,0.00029697150747581217
SNU,0.00021793267229347762
AZA,0.002234378806846619
CXI,0.00018752038293840114
HOW,0.00012598810812678083
PGD,0.001811328032378029
HIB,0.00020827264807710035
INL,0.0002623201287360698
CNM,0.0002774119031304268
GLH,0.00020683190535427136
HND,0.0005648743211824665
EAU,0.0002115651356249681
STC,0.00024912422871067777
BRD,0.00020827264807710035
MKG,0.0002115651356249681
DLH,0.0005421451304540118
MGW,0.00019824256969631216
ADK,0.0002092244566413748
ISN,0.00024745223497798775
KIN,0.0003445633064591468
PVC,0.00026750417694153635
SIN,0.0004462392103533544
VCT,0.00021092667965949194
FAQ,0.00029443944091234886
GDV,0.000210610532678869
SHV,0.000524439194984569
DEC,0.00020780613274709386
RZE,0.00016835902160208127
SOW,0.0001642548576374706
HYD,0.00020894946134699565
BKW,0.00025470268975092043
SYD,0.0005257800433040888
BIS,0.0005494116693647951
CCS,0.0002203537404800312
ELD,0.00016972421396699565
LSE,0.0002871745786753912
PNI,0.0002907500849993747
HVR,0.000210610532678869
ICN,0.0008231026788527801
CTS,0.0003844378211199668
MKL,0.00020503434672628808
IRK,0.000165421080702426
DDC,0.00017184279192756466
MSS,0.0001686334524201751
OWB,0.00020085573123685639
NAN,0.00027497924480365474
MAJ,0.0002907500849993747
RKD,0.00022434711285896874
ARN,0.0005043481305666032
TAB,0.0001728823863593785
TVF,0.00016508067262358095
LCY,0.0001728823863593785
OLF,0.000210610532678869
CVN,0.00016972421396699565
GGW,0.0002477182240661447
BHB,0.0001686334524201751
OGS,0.0002771499587499842
HOT,0.00016972421396699565
MUE,0.00017139026579749222
ZCL,0.00028840718442097385
RUT,0.0001686334524201751
CZM,0.0004991021856030253
SGU,0.00038751012333072626
BLR,0.00016834824866126402
SDQ,0.0005069538367355966
CUU,0.00025678136346027574
ZSA,0.00017345946224743352
JBR,0.000165421080702426
CUL,0.0001642548576374706
RAI,0.0001686334524201751
TVC,0.00024001287227879662
PDT,0.0001655624035404316
YXE,0.0002833729078804656
EDI,0.0002576801336846705
MGA,0.00029874840400983594
UPN,0.00017108682945755124
PAP,0.00038720865075254104
ALS,0.00017184279192756466
MAO,0.00017345946224743352
YWH,0.0003598158201837757
YQR,0.0003557709956166544
AMM,0.0002517843169576693
IPL,0.00017108682945755124
IPT,0.00016439418362401177
EZE,0.00047719474171697464
UIN,0.00016837316017144868
OTH,0.0002822405474738291
BON,0.0002966461074390923
VDZ,0.00029198616748700977
DGO,0.00020655841439277609
CNY,0.00017184279192756466
CEC,0.00016377396119560087
IMT,0.00020159755117720392
MAN,0.0004145005927944631
MWA,0.000165421080702426
CLO,0.0002648269505260753
PEI,0.0002203537404800312
DRO,0.00025384564727846926
GYD,0.0001728823863593785
BDA,0.0004285756380948643
YAP,0.00022921781018775438
FGI,0.00029443944091234886
BNE,0.0002795133825017692
BBU,0.0001665644093023278
WST,0.0008386472459154937
BID,0.0008386472459154937
IAG,0.00031628450549118787
SDY,0.000210610532678869
CIU,0.00020159755117720392
KRK,0.00016837316017144868
POS,0.0005449719806210427
DSS,0.0002579318975809696
SSA,0.00022204847703725518
CYS,0.00016972421396699565
SVO,0.00030602876298634854
TER,0.0001686334524201751
FSM,0.00025172253203552557
VEL,0.00017184279192756466
RAR,0.00017108682945755124
PRC,0.00021694151325833504
FCO,0.0005479662928744271
MLM,0.0004062799231549641
RUH,0.0002585574088656959
MDE,0.0003049500404352847
SMR,0.00017345946224743352
ACA,0.00016719057381927712
LBF,0.00017184279192756466
CAP,0.00021793267229347762
EWN,0.00026693972320809476
GEO,0.0002203537404800312
SAF,0.00025384564727846926
OAX,0.0002560254009902624
ROW,0.0002079909634776854
FLG,0.0002101095414382544
ESC,0.0001625049866804038
MQT,0.0002439826032218718
TNA,0.00017108682945755124
SUX,0.00024810553156932164
BLV,0.0004396914634510925
CDC,0.00021980582756302348
LAR,0.00017184279192756466
EAR,0.00017184279192756466
RBN,0.0001701432352698535
LAW,0.00016972421396699565
SCK,0.00024729335614197446
DEL,0.00034057479358937695
PSM,0.00028592608627230824
1G4,0.000379634072668719
TAM,0.00016719057381927712
BFF,0.00017184279192756466
CMX,0.00016837316017144868
CSX,0.00017108682945755124
HLN,0.00029064486785039957
TPE,0.0005852872541687074
MAR,0.00017345946224743352
ORY,0.0002576134403691621
BOG,0.0006815464073220619
ACV,0.0002134469699920344
OSL,0.00046930508546821816
VER,0.00016719057381927712
PBC,0.00016719057381927712
GGG,0.00021291618942051506
PBG,0.00031940364428601316
AGU,0.0002560254009902624
EKO,0.0001649053114035103
GYE,0.00036387122188771674
CTU,0.00026034124822463207
DRT,0.00016972421396699565
TRC,0.00016972421396699565
ART,0.00016439418362401177
ADD,0.0002964190961530665
REC,0.000258055762202687
CKG,0.0002179811076901489
RHI,0.00020894625205234663
MEL,0.0003218735230362524
TAO,0.0002134469699920344
BTM,0.0001649053114035103
AXM,0.00017046131817282493
ROR,0.00022921781018775438
FOR,0.00021358255215664295
COD,0.00017184279192756466
SZX,0.00021187913760685654
HKG,0.0006508446099693492
DIK,0.00017184279192756466
TAS,0.0001728823863593785
SMX,0.00016589050396376633
RKS,0.00017184279192756466
OPO,0.00016835902160208127
HOB,0.00016719057381927712
ITO,0.0003152711918997795
HMO,0.0001642548576374706
ACC,0.00021345868753492548
GCC,0.00017184279192756466
WAW,0.0003027370732101172
BGM,0.0001625049866804038
SPB,0.0008386472459154937
SSB,0.0008386472459154937
CMN,0.00021345868753492548
JED,0.0002585574088656959
GCK,0.00016972421396699565
NKG,0.00017108682945755124
LCH,0.0002555046439147352
HOG,0.00021793267229347762
CAN,0.0003359011910792514
LGW,0.0007463535202548511
JNB,0.00025307195355878754
GRU,0.0007693378953721186
SBY,0.00020163589052715568
BJI,0.00020827264807710035
LTO,0.00017108682945755124
BPT,0.00016972421396699565
LIS,0.0003459462994242729
BEG,0.0001728823863593785
LWS,0.00020809728685702972
BQK,0.00026119394508257465
FUK,0.0002907500849993747
BRU,0.0004421305943073711
VRA,0.00017345946224743352
PDL,0.0001686334524201751
AUH,0.00034953147570018544
KIX,0.00046144529537922227
RDD,0.0002566389454455538
PSE,0.00021300547626858793
ABY,0.0001656013741506429
CSG,0.0002417583067960972
FLO,0.0002774912419389951
BOM,0.00021525329983467894
ALW,0.00016678041627608614
VLD,0.0001656013741506429
FOC,0.0001728823863593785
CNF,0.00016611119803599026
XMN,0.00017108682945755124
UIO,0.0003456426822424336
BAQ,0.00017345946224743352
HHH,0.0002551934010527036
TYR,0.00016972421396699565
PIH,0.0001649053114035103
GCN,0.00045164432617353313
SHE,0.00017108682945755124
ACY,0.0004204430854230798
PGV,0.00019812179749604581
WUH,0.00016834824866126402
TXL,0.00016835902160208127
DHN,0.0001656013741506429
VVI,0.00017345946224743352
BSB,0.00021358255215664295
NBO,0.0001728823863593785
DXB,0.0006386460388508114
EAT,0.00016678041627608614
MVD,0.00017345946224743352
ATH,0.00016835902160208127
SCL,0.0005198814309092263
PUS,0.0003047777530423737
PUW,0.00016678041627608614
YKM,0.00020997239172960557
KBP,0.0001728823863593785
YUM,0.0002079909634776854
DOH,0.0005889090548443358
CAI,0.0002668400469275665
ALZ,0.00037822888678250895
SYB,0.00037822888678250895
ICY,0.00012598810812678083
XWA,0.00035612952293989116
KCC,0.0004345378768336023
LED,0.00021694803639190293
BJC,0.00032469735070399534
CHD,0.00023455640011433722
FTY,0.0002766959338187174
ASH,0.0001745771229166025
LWM,0.00012598810812678083
MA4,0.0001736703069231152
6B0,0.0001745771229166025
YHM,0.00021004870785182734
ARA,0.00012598810812678083
ASN,0.00016309579951405653
1GA,0.0002646129562951249
HLG,0.00017183959483363782
LA1,0.00019671900863243126
BRN,0.00032452057356994817
SIR,0.00012598810812678083
CIA,0.00031423129249669136
VRN,0.00017184279192756466
TSA,0.00022321269303534588
NV6,0.00019630910596542028
UDD,0.00012598810812678083
GRQ,0.00012598810812678083
LUX,0.00018170176856557448
MCC,0.0001718739272099039
HIO,0.00015895963742266665
AVW,0.00042305698795672435
BIH,0.00012598810812678083
KOY,0.00037822888678250895
MZJ,0.00012598810812678083
DWC,0.0001686334524201751
FHB,0.0002114508874015554
ROG,0.0002846998482033071
FDY,0.0002758148371830775
GON,0.0001745771229166025
SEG,0.00017626981785832046
RBW,0.00012598810812678083
SLU,0.00016495630513730506
RME,0.00020834473025026942
SVW,0.0002092244566413748
FMN,0.00012598810812678083
LAL,0.00012598810812678083
AUZ,0.00018732788499997195
MKC,0.000610685011566885
LEW,0.00012598810812678083
PSA,0.00017080763700108028
BLL,0.00030290545318373887
TLN,0.00017108682945755124
SMV,0.00012598810812678083
GLA,0.00020875654232938452
SZG,0.00012598810812678083
GOT,0.00020893532277762824
QMA,0.0002444922699167102
MFM,0.00012598810812678083
WDR,0.00017626981785832046
PNE,0.0001745771229166025
AWM,0.00021185922347988657
IL3,0.00012598810812678083
NLC,0.0001941832290376255
WY1,0.0001649053114035103
GMP,0.00012598810812678083
UKI,0.0001612337906248806
BFT,0.00015727049130013248
THV,0.00017626981785832046
GA3,0.0001745771229166025
MXL,0.00017108682945755124
LNA,0.00012598810812678083
GA6,0.00017806783086917743
05A,0.00037477324573555084
YPR,0.00021528828219179584
FLX,0.00015929124657150444
NIB,0.0008386472459154937
WKV,0.0002454667952855226
NC1,0.00016508067262358095
ERF,0.00017080763700108028
CPT,0.00012598810812678083
HSH,0.00020283304511477574
LSV,0.00020605418398097987
N2C,0.00015895963742266665
VIJ,0.00016495630513730506
LUF,0.00034486476141939906
YMX,0.0002566432750302977
UOX,0.00021090952855122043
FYV,0.00033009149006246546
YHU,0.00020020289040969304
RIV,0.00035842728326912964
DMA,0.0002116699618923215
EDF,0.00012598810812678083
OSN,0.00023307822744316847
YQM,0.00016611119803599026
XIY,0.00017108682945755124
OKA,0.0001642548576374706
RDG,0.00016611119803599026
TCM,0.00012598810812678083
SKF,0.00017953316778497464
IST,0.00046734075334265454
FAO,0.00012598810812678083
ANR,0.00021467589335555137
IN6,0.00015364230694956055
ODE,0.00017046131817282493
JER,0.00017521984319344126
SCQ,0.0001686334524201751
AGC,0.00018170176856557448
FID,0.00017626981785832046
SFZ,0.00017626981785832046
ME3,0.00018170176856557448
PA5,0.0001745771229166025
PML,0.0003027011010908996
BFK,0.0001764433646986006
CO1,0.0001655624035404316
CXO,0.00030465785618130885
LGU,0.0004204675472130767
PWA,0.00012598810812678083
DVT,0.0003241561175526547
FPR,0.00026358723407063204
EEN,0.00012598810812678083
JBQ,0.00012598810812678083
MQI,0.0001745771229166025
OBE,0.00012598810812678083
ZXH,0.0004345378768336023
ZBL,0.00023368894094975856
MEV,0.00012598810812678083
GGE,0.0001724907613796244
VIS,0.0002455408410320807
ESN,0.00022544523955766527
NTR,0.00019932684372217066
FMY,0.00017046131817282493
SOU,0.0001686334524201751
BNF,0.000245052170079004
LPS,0.00020555354331025874
OST,0.0001605449894935504
YGK,0.00019289523944774042
RIX,0.00017108682945755124
WLG,0.00012598810812678083
CWB,0.0001745771229166025
MME,0.00018559404758093558
PRG,0.0001665644093023278
IOA,0.0001745771229166025
LUG,0.00017521984319344126
ZNA,0.0003008984335988829
MST,0.00017046131817282493
ETZ,0.00015895963742266665
SEF,0.00012598810812678083
TYM,0.0003486097881424293
UBF,0.000313938759555981
HWD,0.00023040392732181006
TKI,0.00016168041822372557
SUS,0.00012598810812678083
AIK,0.00017080763700108028
NGU,0.00017345946224743352
LRU,0.00017521984319344126
VGT,0.00017521984319344126
VWD,0.0002129862802320024
2GA,0.0001840805184209021
YQG,0.00012598810812678083
YRQ,0.00017521984319344126
RKV,0.00012598810812678083
ILG,0.00012598810812678083
VCE,0.00022147140114920017
XRY,0.00012598810812678083
YDA,0.00020810386610810885
RLU,0.00012598810812678083
HBI,0.00020343284746871074
MRC,0.00012598810812678083
JZI,0.00017626981785832046
YQX,0.00016322981502992477
YXT,0.00012598810812678083
MHR,0.00012598810812678083
JCI,0.00017108682945755124
NMC,0.00012598810812678083
LYS,0.00012598810812678083
ESB,0.00016088009059290188
PVS,0.00012598810812678083
CFT,0.00012598810812678083
PUQ,0.00012598810812678083
NUW,0.00015929124657150444
TFS,0.00012598810812678083
BRS,0.0001614227586612112
ADW,0.00020699481157432115
POB,0.0001649053114035103
BIF,0.00021074208089291502
YNG,0.00016310478235465016
FSZ,0.00022921781018775438
NOU,0.00012598810812678083
IWO,0.00022921781018775438
